{
    "modules":{
        "fleet":{
            "routes":{
                "GET_ALL":"/getall",
                "CREATE":"/create",
                "GET":"/:id",
                "UPDATE":"/:id",
                "DELETE":"/:id"
            }
        },
        "user":{
            "routes":{
                
            }
        },
        "shipOwner":{
            "routes":{
                "GET_ALL":"/getall",
                "CREATE":"/create",
                "GET":"/:id",
                "UPDATE":"/:id",
                "DELETE":"/:id"
            }
        },
        "shipManager":{
            "routes":{
                "GET_ALL":"/getall",
                "CREATE":"/create",
                "GET":"/:id",
                "UPDATE":"/:id",
                "DELETE":"/:id",
                "GET_BY_OWNER":"/getbyowner/:id"
            }
        },
        "subFleet":{
            "routes":{
                "GET_ALL":"/getall",
                "CREATE":"/create",
                "GET":"/:id",
                "UPDATE":"/:id",
                "DELETE":"/:id"
            }
        },
        "ship":{
            "routes":{
                "GET_ALL":"/getall",
                "CREATE":"/create",
                "GET":"/:id",
                "UPDATE":"/:id",
                "DELETE":"/:id"
            }
        },
        "shipGaPlan":{
            "routes":{
                "GET_ALL":"/getall",
                "CREATE":"/create",
                "GET":"/:id",
                "UPDATE":"/:id",
                "DELETE":"/:id"
            }
        }
    }
}