
{
  "header": {
    "reportVersion": 1,
    "event": "Allocation failed - JavaScript heap out of memory",
    "trigger": "FatalError",
    "filename": "report.20210419.182139.16840.0.001.json",
    "dumpEventTime": "2021-04-19T18:21:39Z",
    "dumpEventTimeStamp": "1618836699731",
    "processId": 16840,
    "cwd": "E:\\Work\\Node\\bus-iot-demo",
    "commandLine": [
      "node",
      "C:\\Users\\Harsh Ajudia\\AppData\\Roaming\\npm\\\\node_modules\\serverless\\bin\\serverless.js",
      "offline",
      "-dev"
    ],
    "nodejsVersion": "v12.13.1",
    "wordSize": 64,
    "arch": "x64",
    "platform": "win32",
    "componentVersions": {
      "node": "12.13.1",
      "v8": "7.7.299.13-node.16",
      "uv": "1.33.1",
      "zlib": "1.2.11",
      "brotli": "1.0.7",
      "ares": "1.15.0",
      "modules": "72",
      "nghttp2": "1.39.2",
      "napi": "5",
      "llhttp": "1.1.4",
      "http_parser": "2.8.0",
      "openssl": "1.1.1d",
      "cldr": "35.1",
      "icu": "64.2",
      "tz": "2019c",
      "unicode": "12.1"
    },
    "release": {
      "name": "node",
      "lts": "Erbium",
      "headersUrl": "https://nodejs.org/download/release/v12.13.1/node-v12.13.1-headers.tar.gz",
      "sourceUrl": "https://nodejs.org/download/release/v12.13.1/node-v12.13.1.tar.gz",
      "libUrl": "https://nodejs.org/download/release/v12.13.1/win-x64/node.lib"
    },
    "osName": "Windows_NT",
    "osRelease": "10.0.19042",
    "osVersion": "Windows 10 Home",
    "osMachine": "x86_64",
    "cpus": [
      {
        "model": "Intel(R) Core(TM) i7-7700HQ CPU @ 2.80GHz",
        "speed": 2808,
        "user": 20358703,
        "nice": 0,
        "sys": 12031062,
        "idle": 92265828,
        "irq": 1826015
      },
      {
        "model": "Intel(R) Core(TM) i7-7700HQ CPU @ 2.80GHz",
        "speed": 2808,
        "user": 14732921,
        "nice": 0,
        "sys": 6959125,
        "idle": 102963312,
        "irq": 409406
      },
      {
        "model": "Intel(R) Core(TM) i7-7700HQ CPU @ 2.80GHz",
        "speed": 2808,
        "user": 23702359,
        "nice": 0,
        "sys": 13658125,
        "idle": 87294875,
        "irq": 277234
      },
      {
        "model": "Intel(R) Core(TM) i7-7700HQ CPU @ 2.80GHz",
        "speed": 2808,
        "user": 16622718,
        "nice": 0,
        "sys": 11570546,
        "idle": 96462093,
        "irq": 146062
      },
      {
        "model": "Intel(R) Core(TM) i7-7700HQ CPU @ 2.80GHz",
        "speed": 2808,
        "user": 21815000,
        "nice": 0,
        "sys": 9398828,
        "idle": 93441515,
        "irq": 168531
      },
      {
        "model": "Intel(R) Core(TM) i7-7700HQ CPU @ 2.80GHz",
        "speed": 2808,
        "user": 15478265,
        "nice": 0,
        "sys": 7428812,
        "idle": 101748265,
        "irq": 119281
      },
      {
        "model": "Intel(R) Core(TM) i7-7700HQ CPU @ 2.80GHz",
        "speed": 2808,
        "user": 20620375,
        "nice": 0,
        "sys": 9045187,
        "idle": 94989781,
        "irq": 148562
      },
      {
        "model": "Intel(R) Core(TM) i7-7700HQ CPU @ 2.80GHz",
        "speed": 2808,
        "user": 17385093,
        "nice": 0,
        "sys": 8307953,
        "idle": 98962296,
        "irq": 112593
      }
    ],
    "networkInterfaces": [
      {
        "name": "Wi-Fi",
        "internal": false,
        "mac": "9c:b6:d0:68:0f:1f",
        "address": "fe80::81a5:65f6:c802:d8e7",
        "netmask": "ffff:ffff:ffff:ffff::",
        "family": "IPv6",
        "scopeid": 2
      },
      {
        "name": "Wi-Fi",
        "internal": false,
        "mac": "9c:b6:d0:68:0f:1f",
        "address": "192.168.1.67",
        "netmask": "255.255.255.0",
        "family": "IPv4"
      },
      {
        "name": "Loopback Pseudo-Interface 1",
        "internal": true,
        "mac": "00:00:00:00:00:00",
        "address": "::1",
        "netmask": "ffff:ffff:ffff:ffff:ffff:ffff:ffff:ffff",
        "family": "IPv6",
        "scopeid": 0
      },
      {
        "name": "Loopback Pseudo-Interface 1",
        "internal": true,
        "mac": "00:00:00:00:00:00",
        "address": "127.0.0.1",
        "netmask": "255.0.0.0",
        "family": "IPv4"
      }
    ],
    "host": "DESKTOP-RVLT54A"
  },
  "javascriptStack": {
    "message": "No stack.",
    "stack": [
      "Unavailable."
    ]
  },
  "nativeStack": [
    {
      "pc": "0x00007ff669071729",
      "symbol": "std::basic_ostream<char,std::char_traits<char> >::operator<<+10873"
    },
    {
      "pc": "0x00007ff669075b4c",
      "symbol": "std::basic_ostream<char,std::char_traits<char> >::operator<<+28316"
    },
    {
      "pc": "0x00007ff669074b08",
      "symbol": "std::basic_ostream<char,std::char_traits<char> >::operator<<+24152"
    },
    {
      "pc": "0x00007ff66916369b",
      "symbol": "v8::base::CPU::has_sse+37723"
    },
    {
      "pc": "0x00007ff6699682de",
      "symbol": "v8::Isolate::ReportExternalAllocationLimitReached+94"
    },
    {
      "pc": "0x00007ff669950321",
      "symbol": "v8::SharedArrayBuffer::Externalize+833"
    },
    {
      "pc": "0x00007ff66981dbec",
      "symbol": "v8::internal::Heap::EphemeronKeyWriteBarrierFromCode+1436"
    },
    {
      "pc": "0x00007ff669833c0d",
      "symbol": "v8::internal::Factory::AllocateRawFixedArray+61"
    },
    {
      "pc": "0x00007ff66983afc4",
      "symbol": "v8::internal::Factory::NewFixedArrayWithFiller+52"
    },
    {
      "pc": "0x00007ff66983af81",
      "symbol": "v8::internal::Factory::NewUninitializedFixedArray+65"
    },
    {
      "pc": "0x00007ff66971bdaf",
      "symbol": "v8::Object::GetIsolate+6767"
    },
    {
      "pc": "0x00007ff6695cf13a",
      "symbol": "v8::internal::OrderedHashMap::ValueAt+61274"
    },
    {
      "pc": "0x00007ff669d9404d",
      "symbol": "v8::internal::SetupIsolateDelegate::SetupHeap+567949"
    },
    {
      "pc": "0x0000028ae14c573d",
      "symbol": ""
    }
  ],
  "javascriptHeap": {
    "totalMemory": 2817175552,
    "totalCommittedMemory": 2817175552,
    "usedMemory": 2773890024,
    "availableMemory": 17635920,
    "memoryLimit": 2197815296,
    "heapSpaces": {
      "read_only_space": {
        "memorySize": 262144,
        "committedMemory": 262144,
        "capacity": 261872,
        "used": 32296,
        "available": 229576
      },
      "new_space": {
        "memorySize": 33554432,
        "committedMemory": 33554432,
        "capacity": 16759808,
        "used": 0,
        "available": 16759808
      },
      "old_space": {
        "memorySize": 48345088,
        "committedMemory": 48345088,
        "capacity": 40695064,
        "used": 40048528,
        "available": 646536
      },
      "code_space": {
        "memorySize": 950272,
        "committedMemory": 950272,
        "capacity": 729760,
        "used": 729760,
        "available": 0
      },
      "map_space": {
        "memorySize": 2887680,
        "committedMemory": 2887680,
        "capacity": 2012960,
        "used": 2012960,
        "available": 0
      },
      "large_object_space": {
        "memorySize": 1798344704,
        "committedMemory": 1798344704,
        "capacity": 1798284688,
        "used": 1798284688,
        "available": 0
      },
      "code_large_object_space": {
        "memorySize": 49152,
        "committedMemory": 49152,
        "capacity": 3552,
        "used": 3552,
        "available": 0
      },
      "new_large_object_space": {
        "memorySize": 932782080,
        "committedMemory": 932782080,
        "capacity": 932778240,
        "used": 932778240,
        "available": 0
      }
    }
  },
  "resourceUsage": {
    "userCpuSeconds": 9.39,
    "kernelCpuSeconds": 3.109,
    "cpuConsumptionPercent": 78.1188,
    "maxRss": 2871676928,
    "pageFaults": {
      "IORequired": 740362,
      "IONotRequired": 0
    },
    "fsActivity": {
      "reads": 4778,
      "writes": 8
    }
  },
  "libuv": [
  ],
  "environmentVariables": {
    "=::": "::\\",
    "=C:": "C:\\Windows\\System32",
    "=E:": "E:\\Work\\Node\\bus-iot-demo",
    "ALLUSERSPROFILE": "C:\\ProgramData",
    "APPDATA": "C:\\Users\\Harsh Ajudia\\AppData\\Roaming",
    "AWS_DEFAULT_REGION": "af-south-1",
    "AWS_LAMBDA_FUNCTION_MEMORY_SIZE": "320",
    "AWS_LAMBDA_FUNCTION_NAME": "iot-bus-demo-dev-getTrainRoute",
    "AWS_LAMBDA_FUNCTION_VERSION": "$LATEST",
    "AWS_LAMBDA_LOG_GROUP_NAME": "/aws/lambda/iot-bus-demo-dev-getTrainRoute",
    "AWS_LAMBDA_LOG_STREAM_NAME": "2016/12/02/[$LATEST]f77ff5e4026c45bda9a9ebcec6bc9cad",
    "AWS_REGION": "af-south-1",
    "CommonProgramFiles": "C:\\Program Files\\Common Files",
    "CommonProgramFiles(x86)": "C:\\Program Files (x86)\\Common Files",
    "CommonProgramW6432": "C:\\Program Files\\Common Files",
    "COMPUTERNAME": "DESKTOP-RVLT54A",
    "ComSpec": "C:\\WINDOWS\\system32\\cmd.exe",
    "dp0": "C:\\Users\\Harsh Ajudia\\AppData\\Roaming\\npm\\",
    "DriverData": "C:\\Windows\\System32\\Drivers\\DriverData",
    "DXSDK_DIR": "C:\\Program Files (x86)\\Microsoft DirectX SDK (June 2010)\\",
    "FPS_BROWSER_APP_PROFILE_STRING": "Internet Explorer",
    "FPS_BROWSER_USER_PROFILE_STRING": "Default",
    "HOME": "C:\\Users\\Harsh Ajudia",
    "HOMEDRIVE": "C:",
    "HOMEPATH": "\\Users\\Harsh Ajudia",
    "IS_OFFLINE": "true",
    "LAMBDA_RUNTIME_DIR": "/var/runtime",
    "LAMBDA_TASK_ROOT": "/var/task",
    "LANG": "en_US.UTF-8",
    "LD_LIBRARY_PATH": "/usr/local/lib64/node-v4.3.x/lib:/lib64:/usr/lib64:/var/runtime:/var/runtime/lib:/var/task:/var/task/lib",
    "LOCALAPPDATA": "C:\\Users\\Harsh Ajudia\\AppData\\Local",
    "LOGONSERVER": "\\\\DESKTOP-RVLT54A",
    "NODE_ENV": "dev",
    "NODE_PATH": "/var/runtime:/var/task:/var/runtime/node_modules",
    "NUMBER_OF_PROCESSORS": "8",
    "OneDrive": "C:\\Users\\Harsh Ajudia\\OneDrive",
    "OneDriveConsumer": "C:\\Users\\Harsh Ajudia\\OneDrive",
    "OS": "Windows_NT",
    "Path": "C:\\Program Files (x86)\\Common Files\\Oracle\\Java\\javapath;C:\\Program Files (x86)\\Intel\\Intel(R) Management Engine Components\\iCLS\\;C:\\Program Files\\Intel\\Intel(R) Management Engine Components\\iCLS\\;C:\\Windows\\System32;C:\\Windows;C:\\Windows\\System32\\wbem;C:\\Windows\\System32\\WindowsPowerShell\\v1.0\\;C:\\Windows\\System32\\OpenSSH\\;C:\\Program Files (x86)\\NVIDIA Corporation\\PhysX\\Common;C:\\Program Files (x86)\\Intel\\Intel(R) Management Engine Components\\DAL;C:\\Program Files\\Intel\\Intel(R) Management Engine Components\\DAL;C:\\Program Files (x86)\\Intel\\Intel(R) Management Engine Components\\IPT;C:\\Program Files\\Intel\\Intel(R) Management Engine Components\\IPT;C:\\Program Files\\NVIDIA Corporation\\NVIDIA NvDLISR;E:\\!!!Keep_Out\\wamp\\bin\\php\\php7.2.25;C:\\ProgramData\\ComposerSetup\\bin;E:\\Programs\\putty\\;C:\\Program Files\\Java\\jdk-12.0.1\\bin;C:\\Windows\\System32;C:\\Windows;C:\\Windows\\System32\\wbem;C:\\Windows\\System32\\WindowsPowerShell\\v1.0\\;C:\\Windows\\System32\\OpenSSH\\;C:\\Program Files\\nodejs\\;E:\\Programs\\git\\Git\\cmd;E:\\Programs\\git\\Git\\mingw64\\bin;E:\\Programs\\git\\Git\\usr\\bin;E:\\Programs\\MongoDb\\bin;C:\\Program Files (x86)\\Microsoft SQL Server\\150\\DTS\\Binn\\;C:\\Program Files\\Docker\\Docker\\resources\\bin;C:\\ProgramData\\DockerDesktop\\version-bin;E:\\Programs\\New folder\\bin;C:\\Program Files (x86)\\ZeroTier\\One\\;E:\\Programs\\Anaconda;E:\\Programs\\Anaconda\\Library\\mingw-w64\\bin;E:\\Programs\\Anaconda\\Library\\usr\\bin;E:\\Programs\\Anaconda\\Library\\bin;E:\\Programs\\Anaconda\\Scripts;E:\\Programs\\Python\\Scripts\\;E:\\Programs\\Python\\;C:\\Users\\Harsh Ajudia\\AppData\\Local\\Microsoft\\WindowsApps;E:\\Programs\\Microsoft VS Code\\bin;C:\\Users\\Harsh Ajudia\\AppData\\Roaming\\Composer\\vendor\\bin;C:\\Users\\Harsh Ajudia\\AppData\\Local\\GitHubDesktop\\bin;C:\\Users\\Harsh Ajudia\\AppData\\Local\\Microsoft\\WindowsApps;C:\\Users\\Harsh Ajudia\\AppData\\Roaming\\npm;E:\\Programs\\heroku\\bin;E:\\Work\\Flutter\\sdk\\flutter\\bin;",
    "PATHEXT": ".COM;.EXE;.BAT;.CMD;.VBS;.VBE;.JSE;.WSF;.WSH;.MSC",
    "PROCESSOR_ARCHITECTURE": "AMD64",
    "PROCESSOR_IDENTIFIER": "Intel64 Family 6 Model 158 Stepping 9, GenuineIntel",
    "PROCESSOR_LEVEL": "6",
    "PROCESSOR_REVISION": "9e09",
    "ProgramData": "C:\\ProgramData",
    "ProgramFiles": "C:\\Program Files",
    "ProgramFiles(x86)": "C:\\Program Files (x86)",
    "ProgramW6432": "C:\\Program Files",
    "PROMPT": "$P$G",
    "PSModulePath": "C:\\Program Files\\WindowsPowerShell\\Modules;C:\\WINDOWS\\system32\\WindowsPowerShell\\v1.0\\Modules",
    "PUBLIC": "C:\\Users\\Public",
    "SESSIONNAME": "Console",
    "SystemDrive": "C:",
    "SystemRoot": "C:\\WINDOWS",
    "TEMP": "C:\\Users\\HARSHA~1\\AppData\\Local\\Temp",
    "TMP": "C:\\Users\\HARSHA~1\\AppData\\Local\\Temp",
    "USERDOMAIN": "DESKTOP-RVLT54A",
    "USERDOMAIN_ROAMINGPROFILE": "DESKTOP-RVLT54A",
    "USERNAME": "Harsh Ajudia",
    "USERPROFILE": "C:\\Users\\Harsh Ajudia",
    "windir": "C:\\WINDOWS",
    "_HANDLER": "modules/api/train.getTrainRoute",
    "_prog": "node"
  },
  "sharedObjects": [
    "C:\\Program Files\\nodejs\\node.exe",
    "C:\\WINDOWS\\SYSTEM32\\ntdll.dll",
    "C:\\WINDOWS\\System32\\KERNEL32.DLL",
    "C:\\WINDOWS\\System32\\KERNELBASE.dll",
    "C:\\WINDOWS\\System32\\WS2_32.dll",
    "C:\\WINDOWS\\System32\\RPCRT4.dll",
    "C:\\WINDOWS\\SYSTEM32\\dbghelp.dll",
    "C:\\WINDOWS\\System32\\ADVAPI32.dll",
    "C:\\WINDOWS\\System32\\ucrtbase.dll",
    "C:\\WINDOWS\\System32\\msvcrt.dll",
    "C:\\WINDOWS\\System32\\sechost.dll",
    "C:\\WINDOWS\\System32\\USER32.dll",
    "C:\\WINDOWS\\System32\\win32u.dll",
    "C:\\WINDOWS\\System32\\GDI32.dll",
    "C:\\WINDOWS\\System32\\gdi32full.dll",
    "C:\\WINDOWS\\System32\\msvcp_win.dll",
    "C:\\WINDOWS\\System32\\PSAPI.DLL",
    "C:\\WINDOWS\\System32\\CRYPT32.dll",
    "C:\\WINDOWS\\System32\\bcrypt.dll",
    "C:\\WINDOWS\\SYSTEM32\\IPHLPAPI.DLL",
    "C:\\WINDOWS\\SYSTEM32\\USERENV.dll",
    "C:\\WINDOWS\\SYSTEM32\\WINMM.dll",
    "C:\\WINDOWS\\System32\\IMM32.DLL",
    "C:\\WINDOWS\\SYSTEM32\\powrprof.dll",
    "C:\\WINDOWS\\SYSTEM32\\UMPDC.dll",
    "C:\\WINDOWS\\SYSTEM32\\CRYPTBASE.DLL",
    "C:\\WINDOWS\\system32\\uxtheme.dll",
    "C:\\WINDOWS\\System32\\combase.dll",
    "C:\\WINDOWS\\system32\\mswsock.dll",
    "C:\\WINDOWS\\SYSTEM32\\kernel.appcore.dll",
    "C:\\WINDOWS\\System32\\bcryptprimitives.dll",
    "C:\\WINDOWS\\system32\\napinsp.dll",
    "C:\\WINDOWS\\system32\\pnrpnsp.dll",
    "C:\\WINDOWS\\system32\\wshbth.dll",
    "C:\\WINDOWS\\system32\\NLAapi.dll",
    "C:\\WINDOWS\\SYSTEM32\\DNSAPI.dll",
    "C:\\WINDOWS\\System32\\NSI.dll",
    "C:\\WINDOWS\\System32\\winrnr.dll",
    "C:\\WINDOWS\\SYSTEM32\\dhcpcsvc6.DLL",
    "C:\\WINDOWS\\SYSTEM32\\dhcpcsvc.DLL",
    "C:\\Windows\\System32\\rasadhlp.dll",
    "C:\\WINDOWS\\System32\\fwpuclnt.dll"
  ]
}